TransactionAmount,TransactionType,Location,DeviceID,IP Address,MerchantID,Channel,CustomerAge,CustomerOccupation,TransactionDuration,LoginAttempts,AccountBalance,AnomalyScore,Actual,Predicted,Probability
-0.38745590278222686,1,33,182,300,1,2,-1.0497681524040379,3,-1.353017049514218,1,0.8857974429054191,0.06908299984928129,0,0,0.0
-0.6556065834203091,0,11,670,370,34,1,0.35562185742293734,1,-0.4809634602284204,1,1.0206840106570008,0.06295946759606075,0,0,0.0
-0.5209316983317309,1,33,35,63,27,2,-1.330846154369433,3,-0.33800385542746997,1,-0.8162070533532758,0.07445091517501051,0,0,0.0
1.9878034353190734,1,20,109,93,93,2,-1.274630553976354,3,0.4339780104976623,1,-1.2090005948920401,0.03280229541915747,0,0,0.01
1.7051609011087532,1,23,76,450,47,0,1.1988558633191224,0,-0.42377961830804023,2,0.7180661189780133,0.02716523242637514,0,0,0.01
0.023009576293391343,1,21,665,523,4,1,-0.9935525520109589,3,-1.2386493656734576,1,-1.0885928981884585,0.054366299240724114,0,0,0.0
0.7285196013834677,1,28,382,245,89,2,-1.443277355155591,3,-0.20934021110661458,1,-1.1108765653175832,0.07733494936769497,0,0,0.0
0.43765473890521056,0,18,641,109,39,2,1.3675026644983594,2,0.019395156574906088,1,-0.30941323475834487,0.053297566480108305,0,0,0.01
0.43498248221813124,1,29,580,231,14,2,0.35562185742293734,1,2.0637175052284973,1,0.017831814068870102,0.07264320946133285,0,0,0.0
-0.7268667617424263,1,41,229,278,77,1,1.2550714637122016,0,0.3624982080971871,1,2.5103026729525246,0.07030471312746828,0,0,0.1
0.9281851394898614,1,16,227,376,93,0,0.07454385545754227,1,0.4625699314578524,1,0.09886939125022053,0.10619791896743136,0,0,0.0
-0.11512553860794346,1,9,277,511,86,1,1.9296586684291497,2,1.5347669674649806,2,-0.2408315377879352,0.022523378298883512,0,0,0.02
1.0408310367605926,0,30,531,77,0,1,0.6366998593883324,1,-0.22363617158670962,1,0.8573960873894472,0.032429618625160805,0,0,0.0
-0.9997795408356885,1,5,446,156,70,2,0.2994062570298583,0,0.062283038015191215,1,2.2752408808614075,0.05114241496054328,0,0,0.0
0.765588597991415,1,0,295,88,62,1,-1.105983752797117,3,0.11946687993557138,1,-0.8109611227415868,0.0810430509120012,0,0,0.0
-0.5289142086918527,1,9,395,501,65,2,-0.5438277488663268,1,0.21953860329623667,1,0.3231957427396068,0.10333257849845595,0,0,0.0
-0.2243112060659182,1,29,72,160,65,0,-0.4313965480801688,1,-0.9813220770317469,1,0.40397435658186615,0.10715364211626272,0,0,0.0
-0.4623818691237991,1,18,69,484,59,2,-1.274630553976354,3,-0.09497252726585426,1,-1.1487031607790925,0.0958929742461504,0,0,0.0
-0.6074374436506471,1,24,544,186,44,1,-1.443277355155591,3,-0.6096271045492758,1,-0.9619880293008822,0.12369823569620819,0,0,0.0
-0.4225720964265394,1,39,360,87,31,2,0.2994062570298583,0,-0.7525867093502262,1,1.3881555528208673,0.09082646935434896,0,0,0.0
1.4366333637583906,0,25,311,12,51,2,0.8615622609606484,2,-1.2243534051933627,1,-0.2692918651534036,0.038166523269700714,0,0,0.0
-0.529530883311948,1,35,453,286,54,0,1.0302090621398854,2,0.39109012905737717,1,0.7351346234169251,0.10892365554229783,0,0,0.0
-0.6227172703485628,1,14,643,76,85,1,-0.31896534729401077,1,0.677009338659278,1,0.3504304812329405,0.08239408285943783,0,0,0.0
-0.8360181694992846,1,15,472,439,24,0,1.3675026644983594,2,0.019395156574906088,1,-0.8879040023731489,0.10800067136414737,0,0,0.0
-0.2845397606285538,0,11,110,282,25,2,1.4237182648914386,0,1.8206861770668814,1,1.5479410610270494,0.03323080951236368,0,0,0.01
0.2868777942919232,1,0,615,491,33,0,0.6366998593883324,0,-0.6382190255094659,1,1.7232720615590722,0.048345573445047196,0,0,0.0
-0.21591757929239963,1,6,536,436,44,2,-1.218414953583275,3,0.005099196094811046,1,-1.2436196345396575,0.08743486628194358,0,0,0.0
0.4039431930066706,1,22,318,112,76,0,1.1988558633191224,0,0.30531436617680696,1,1.2818318721730078,0.08667433992667878,0,0,0.0
-0.10172999547143019,1,35,587,346,77,2,-1.387061754762512,3,0.5769376152986128,1,-1.158448899906673,0.07504178861437849,0,0,0.01
-0.5415217787026888,0,21,474,200,1,2,0.4680530582090954,0,0.8199689434602284,1,1.2780371618576123,0.05270078574995807,0,0,0.0
-0.587155700589737,1,3,0,114,0,1,1.7047962668568335,2,2.120901347148877,1,0.14239318017173624,0.0014402340178090167,0,0,0.08
-0.12578030565514467,1,10,315,243,93,1,-1.274630553976354,3,-1.1957614842331725,1,-1.079762504724794,0.08398840352511744,0,0,0.0
-0.20738691371441537,1,31,440,489,48,2,1.4799338652845175,2,-1.052801879432222,1,-1.008042479763814,0.09262262358499307,0,0,0.0
0.5342670960534657,1,0,148,365,16,0,0.7491310601744904,0,-0.5381473021488006,1,1.7773595035207435,0.05886874899235994,0,0,0.0
0.34813413988805086,1,32,292,388,61,0,0.8053466605675694,1,-0.15215636918623443,1,-0.4881620385676803,0.12628892784551438,0,0,0.0
3.8540663939339828,1,42,552,251,71,1,1.9296586684291497,2,0.648417417699088,1,0.14358800112239462,0.009841520072920051,0,0,0.04
-0.24401053420784963,0,21,611,319,40,1,0.2431906566367793,0,0.30531436617680696,1,1.2116758832204007,0.08223817672942674,0,0,0.0
-0.03273095742299544,1,10,565,317,91,0,1.3112870641052805,2,-0.8097705512706064,1,-0.8631127496437153,0.07558719754866794,0,0,0.0
0.4607457774576659,1,12,72,420,43,0,-0.2627497469009318,0,0.3624982080971871,1,1.637447508594719,0.0869050388558103,0,0,0.0
0.8574388566844903,1,8,179,252,63,0,1.0864246625329645,2,0.1623547613758565,1,0.2670289020848367,0.10281683272198078,0,0,0.0
0.9731681270556978,1,4,646,539,8,0,-1.274630553976354,3,0.8056729829801335,1,-1.1881835320199468,0.02244013768034847,0,0,0.0
1.1396360147802975,1,4,531,67,53,0,-1.330846154369433,3,-0.8240665117507014,1,-1.2162284924454863,0.06432870975766714,0,0,0.0
0.7747701978906111,1,28,534,344,98,0,-0.09410294572169475,0,0.5626416548185177,1,2.1497154532189535,0.032690712237053554,0,0,0.0
-0.9062848164890261,0,13,402,494,44,2,0.4680530582090954,2,0.7198972200995631,1,-0.9162258740919744,0.06479919076133606,0,0,0.0
-0.4251415740102696,1,26,229,392,51,0,-1.330846154369433,3,2.321044793870208,1,-0.9762130649967038,0.07825213551480226,0,0,0.0
0.666235464753848,1,14,396,485,11,2,-1.218414953583275,3,-0.6525149859895609,1,-1.0913389351802076,0.07943347490892122,0,0,0.0
1.8651537053223528,0,41,204,490,14,2,0.4680530582090954,0,0.9343366273009888,1,-1.180681287166671,-0.0001738075550552498,1,1,0.66
-0.7903499879111201,0,5,215,106,20,2,1.9296586684291497,2,0.13376284041566644,4,0.031897882170397865,-0.039170637302682,1,1,0.99
-0.6838708368413411,1,10,454,333,32,1,1.5361494656775965,2,-1.4530887728748834,1,0.6015197964196923,0.08908428424813536,0,0,0.0
-0.8670231990096288,1,12,598,563,80,2,-0.9373369516178799,3,1.2202558369028897,1,-1.2307227474542246,0.029647072461160495,0,0,0.0
-0.4067441145107614,1,3,643,95,0,2,-0.5438277488663268,0,0.8628568249005136,1,0.03254400852139756,0.02615171137705652,0,0,0.0
0.16316601356059401,1,14,211,192,24,1,1.3675026644983594,2,1.9064619399474516,1,-0.2737634697412754,0.0850323274323258,0,0,0.0
-0.8627407363700785,1,30,468,554,65,2,-1.105983752797117,3,-0.15215636918623443,1,0.22148212232626197,0.09487331148826783,0,0,0.0
-0.8962467240619202,1,24,262,187,22,1,1.0302090621398854,2,0.13376284041566644,1,-0.1601247157624537,0.1274102892892921,0,0,0.0
-0.1883385198936956,0,37,320,108,93,2,-1.274630553976354,3,1.6348386908256458,1,-1.1874579218717998,-0.0010977678050462236,1,1,0.81
1.575316633877588,1,20,368,78,47,0,-1.274630553976354,3,-1.1814655237530776,1,1.132802316516208,0.04132474567511579,0,0,0.0
-0.6746892369421453,1,9,494,557,23,1,0.2994062570298583,0,0.34820224761709206,1,2.3996484073568927,0.06414774162485287,0,0,0.0
-0.919029425304328,1,21,28,421,86,2,1.1426402629260435,2,-1.2815372471137427,1,-0.2998546671530776,0.06801659576820318,0,0,0.0
-0.40482557124824287,1,28,406,257,3,0,0.7491310601744904,2,1.7777982956265963,1,-0.63783772057548,0.08582478825037615,0,0,0.0
-0.8937800255815392,1,17,651,198,94,1,0.1869750562437003,0,-0.9241382351113667,1,0.34487687140648976,0.07078968076232078,0,0,0.0
1.0673480454246882,1,40,218,304,85,0,-0.31896534729401077,1,0.8199689434602284,1,1.0049744227499537,0.07759941334387288,0,0,0.0
0.4763682011667454,1,20,663,413,32,1,-0.7686901504386429,0,-0.12356444822604433,1,2.371918818126484,0.04921084989533753,0,0,0.0
-0.39536989374011583,1,23,99,164,6,1,-1.0497681524040379,3,-0.9527301560715568,1,-1.0097526633991984,0.10638177622176131,0,0,0.0
5.249977915921802,1,35,421,492,81,2,0.5804842589952534,1,1.692022532746026,1,-0.7380719167645119,-0.007558667473852032,1,1,0.83
-0.9302666072705078,1,36,669,112,95,0,1.1426402629260435,0,2.335340754350303,1,1.9946143610575204,-0.019001504184226525,1,1,0.88
-0.51455939392408,1,38,275,571,66,1,-0.15031854611477377,1,1.992237702828022,1,0.4316244620151284,0.06634087285246848,0,0,0.0
0.462630061019068,1,7,453,57,23,0,-0.8811213512248008,0,0.24813052425642676,1,2.188126639188511,0.040731910497121326,0,0,0.02
0.7507198877068967,1,23,472,287,24,0,-0.15031854611477377,1,0.11946687993557138,1,-0.794482336797635,0.11467220885938867,0,0,0.0
0.2634784184294204,0,37,44,566,1,1,-1.0497681524040379,3,0.8342649039403235,1,-0.8827298635782376,0.01545566705587842,0,0,0.01
0.780046191862537,1,7,547,513,10,0,1.3675026644983594,2,0.20524264281614163,1,-0.1078679651286149,0.07034235074491252,0,0,0.0
-0.6421082611804465,1,33,45,162,53,0,-0.8249057508317219,1,0.24813052425642676,1,-1.1922833575566478,0.0898888616370001,0,0,0.0
-0.915980311904968,1,2,391,95,48,0,-0.03788734532861574,0,-0.29511597398718487,1,-1.18794251663505,0.06865460157691256,0,0,0.0
-0.4020505354578143,1,31,104,208,97,1,0.7491310601744904,1,0.34820224761709206,1,0.8504579210965678,0.09613005191025326,0,0,0.0
0.44310203138271864,1,29,127,386,53,0,-1.443277355155591,3,1.8349821375469764,1,-1.189209129402486,0.066684491108918,0,0,0.0
-0.5691693575036256,1,5,279,131,5,1,1.2550714637122016,2,1.9779417423479269,1,0.3917851316903854,0.05334075417578776,0,0,0.0
0.1926293565207,1,25,42,515,34,0,-0.15031854611477377,0,0.333906287136997,1,-1.13035009561855,0.06586684609329108,0,0,0.0
0.22894463970408674,1,7,453,71,77,0,0.35562185742293734,1,0.37679416857728215,1,0.7705895249313122,0.0897694575382264,0,0,0.0
-0.19035984225956334,1,9,587,357,13,2,0.7491310601744904,1,0.062283038015191215,1,-0.1875748297061208,0.09882248814335853,0,0,0.0
-0.6093902466142822,1,40,430,135,10,1,-0.8249057508317219,1,0.04798707753509617,1,-0.4304850057671208,0.11782946091489471,0,0,0.0
-0.6224089330385151,1,33,371,315,32,0,0.4680530582090954,2,-0.8955463141511766,1,-0.31207209597257823,0.11610807110389021,0,0,0.0
1.300827908532971,1,15,15,447,14,2,-0.9935525520109589,1,2.392524596270683,1,-1.1503389886042428,0.021383642815996917,0,0,0.01
-0.7462920122754265,1,33,260,164,54,1,-0.31896534729401077,1,0.7198972200995631,1,0.3430205401440935,0.1338414281024437,0,0,0.0
-0.9705902754845135,1,20,306,567,69,0,-0.6000433492594058,1,0.4339780104976623,1,0.4878477105259381,0.09891710066859194,0,0,0.0
3.2202961829816528,0,2,76,356,59,1,0.8615622609606484,1,0.5626416548185177,1,1.1014574965123476,-0.006553982900315614,1,1,0.94
-0.8343737038456972,1,21,358,200,7,1,-0.9935525520109589,3,0.37679416857728215,1,-1.1910167447892117,0.1123585537415085,0,0,0.0
1.0740972065446197,1,11,209,116,44,0,-1.387061754762512,3,2.321044793870208,4,-1.075457559711585,-0.020379537971852768,1,1,0.95
-0.26710157276030494,1,5,214,129,1,0,0.1869750562437003,0,-1.0813938003924122,1,0.7433855543594547,0.07677146696813575,0,0,0.0
-0.3730668283133379,1,27,484,466,98,1,0.5242686586021743,2,0.04798707753509617,1,-0.009549072051475477,0.1064993245910949,0,0,0.0
-0.9887821767773233,1,11,223,253,62,2,1.1988558633191224,2,-0.9098422746312717,1,-0.15320962541068175,0.10598050032415246,0,0,0.0
0.497266618847751,1,36,546,117,18,1,-1.218414953583275,3,0.23383456377633172,1,-0.8522798772906429,0.0992033827740671,0,0,0.0
-0.7730488388473369,0,29,395,188,99,2,0.8053466605675694,1,-0.9527301560715568,1,1.0648308499884092,0.04528442026038737,0,0,0.0
3.884043632410835,1,28,546,510,81,0,-1.49949295554867,3,0.6913052991393731,1,-1.0400000942037415,0.007449415379786606,0,0,0.03
0.1277757423073501,1,13,677,392,39,2,-1.330846154369433,3,2.006533663308117,1,-0.885250269145828,0.049723475247945736,0,0,0.02
0.07426208916352939,0,29,442,342,67,2,0.5242686586021743,2,-0.8669543931909865,1,0.0999206285673235,0.09654278521126919,0,0,0.0
-0.5251799012701648,1,28,96,578,48,0,-1.49949295554867,3,-0.4523715392682303,1,-1.2312586220866015,0.06064487784451822,0,0,0.0
-1.0161556779693288,1,20,486,248,28,0,0.018328255064463266,1,0.19094668233604659,1,-0.20421001925090965,0.11852289125483967,0,0,0.01
-0.5082213492175456,1,29,586,387,66,0,-0.31896534729401077,1,0.319610326656902,1,0.14440847902842632,0.11645589397761602,0,0,0.0
2.805479721864252,1,36,613,192,56,0,0.35562185742293734,1,-0.9241382351113667,1,-1.1965575346483808,0.03465999743199888,0,0,0.01
-0.8805557809506078,1,8,365,221,95,1,-1.0497681524040379,3,-0.8097705512706064,1,-0.9326251762387794,0.09791967811010122,0,0,0.0
-0.8159077249439564,1,6,463,496,1,2,-0.5438277488663268,1,0.8056729829801335,1,0.0917209774939209,0.062155780179203424,0,0,0.0
-0.3799530282377347,1,27,529,185,14,1,-0.8249057508317219,1,-0.9384341955914618,1,0.8942996452066706,0.11541462211939135,0,0,0.0
-0.686919950240701,1,13,160,362,51,0,-1.162199353190196,3,1.1773679554626044,4,-0.9063032194159057,0.019038023435626106,0,0,0.18
-0.5927057721705942,1,5,36,554,24,1,-0.9935525520109589,3,0.7341931805796582,1,-1.2781540624032153,0.05410758998498888,0,0,0.0
-0.7542745226355483,1,33,388,8,46,2,-1.330846154369433,3,0.7056012596194681,1,-0.9574189929616693,0.06568199819052373,0,0,0.0
-0.8697297153978247,1,29,611,280,10,0,-0.6000433492594058,0,0.3624982080971871,1,1.2345954207266996,0.06754901578739791,0,0,0.0
-0.9268063774577512,0,41,45,460,3,1,1.9858742688222286,2,-1.1528736027928874,1,-0.34383484690982347,0.006023598065005409,0,0,0.02
-0.6088078316953034,1,40,12,199,3,0,1.2550714637122016,0,-0.8526584327108915,1,0.4059999114123816,0.05338410567306928,0,0,0.0
-0.9782987082357041,1,13,518,390,52,2,-0.4313965480801688,1,-0.8812503536710816,1,0.28178724841957853,0.11410328666402586,0,0,0.0
0.07624915182828088,1,10,572,355,82,0,0.8615622609606484,0,0.40538608953747224,1,-1.128834775485848,0.0680508161199363,0,0,0.0
-0.12118950570554664,0,3,5,227,79,0,-0.2627497469009318,1,0.23383456377633172,1,0.15317477265568172,0.02645073160641198,0,0,0.0
-0.8774038884478987,1,0,407,395,26,2,-1.162199353190196,3,-1.5245685752753584,1,-1.0732807292671451,0.05657387769236566,0,0,0.01
-0.8521887484262266,1,9,625,506,48,0,-1.443277355155591,3,0.8056729829801335,1,-0.9257921336776106,0.05928086522102627,0,0,0.0
0.7425318191400765,1,30,462,351,16,1,-1.105983752797117,3,0.5769376152986128,1,-0.9028751601647678,0.10457269736154196,0,0,0.0
-0.6954848755198016,1,42,262,442,84,2,-0.31896534729401077,0,-1.2243534051933627,1,0.2711646235299269,0.07697324754820123,0,0,0.0
-0.7439966123006275,1,8,467,166,13,1,0.8053466605675694,2,0.5340497338583277,1,0.22393073607707484,0.11545237744073283,0,0,0.0
0.16621512695995377,1,9,350,87,6,1,-0.20653414650785276,1,1.33462352074365,1,1.1377303119393096,0.08268653721636882,0,0,0.0
-0.6410119507447216,1,33,434,250,67,2,0.6929154597814113,0,-1.0242099584720321,1,1.3767688578812236,0.10522230281652256,0,0,0.0
0.43546211803376084,0,24,65,468,31,2,0.6366998593883324,2,0.8342649039403235,1,0.28859977903309664,0.06362903968341693,0,0,0.0
-0.543234763758509,0,20,347,134,75,2,0.2994062570298583,1,-0.5524432626288956,1,-0.7275928755084154,0.08807121817633734,0,0,0.0
-0.6251839688289437,1,0,612,264,10,2,-0.9373369516178799,1,0.2767224452166169,1,1.2037095555515254,0.060782418241205005,0,0,0.0
-0.44213438576400527,1,28,452,61,63,0,1.4237182648914386,0,0.319610326656902,2,2.1259856937804487,0.013918744724415677,0,0,0.04
1.7950240971370768,0,1,140,260,43,1,1.9296586684291497,2,-1.1957614842331725,1,-0.2753685296449495,0.033733393975855286,0,0,0.0
0.07864733090642902,1,25,532,297,40,2,0.2994062570298583,1,-0.02349272486537904,1,-1.1988087209030547,0.11459207914659092,0,0,0.0
-0.4737218301933283,1,39,431,410,32,1,-1.49949295554867,3,-0.2808200135070898,1,-1.2332457170152715,0.10846906979457105,0,0,0.0
-0.845405327605179,0,30,406,264,75,2,-0.8249057508317219,0,-1.0242099584720321,1,1.1381867027745398,0.06548532324889772,0,0,0.0
-0.7880545879363211,1,5,481,195,92,1,-0.4313965480801688,1,-0.18074829014642452,1,-0.6020725758528749,0.1067576567373662,0,0,0.0
0.25926447519210283,0,24,88,404,52,2,0.9177778613537274,0,-0.5810351835890857,1,0.8531193463042578,0.07707944538958295,0,0,0.0
-0.9908720185454238,1,7,410,121,10,0,1.0302090621398854,2,0.21953860329623667,1,-1.0276390817506855,0.08758564484267461,0,0,0.0
-0.9421547235578996,1,39,47,43,59,0,0.9739934617468065,2,-1.0670978399123172,1,-0.28859104389933876,0.07318557376793483,0,0,0.0
0.08313535175267775,1,35,537,117,4,0,1.0302090621398854,0,0.677009338659278,1,1.9261198398646269,0.04494396787142774,0,0,0.0
-0.9780588903278893,1,17,560,471,37,1,1.7047962668568335,2,0.10517091945547634,1,-0.8676612740352776,0.10080623320555804,0,0,0.0
-0.6777726100426216,1,34,484,411,38,1,-1.0497681524040379,3,0.1623547613758565,1,-1.2044136105986325,0.12355204089690519,0,0,0.0
-0.35391565538926884,0,39,297,177,58,1,-0.31896534729401077,1,-1.5674564567156437,1,-0.5450775653117043,0.07450817322974962,0,0,0.0
-0.9211192670724283,1,18,369,580,15,0,0.4680530582090954,1,0.9343366273009888,1,-0.6157027650668235,0.08544803484536317,0,0,0.0
0.38376422904910956,1,18,598,288,23,1,1.1426402629260435,0,-0.43807557878813524,1,1.6880940713379706,0.07605450575219669,0,0,0.0
-0.7607838658476648,0,14,579,465,8,2,-1.330846154369433,3,0.5340497338583277,1,-1.0460972706429383,0.042051055301747464,0,0,0.01
-0.5485107577304349,1,13,156,430,39,0,-0.6000433492594058,1,-0.995618037511842,1,-0.16492963949965073,0.11358624939911593,0,0,0.0
-0.6168246017565414,1,14,86,416,45,0,-1.162199353190196,3,-1.2100574447132675,1,-1.081072705380988,0.10337387736195397,0,0,0.0
0.16806515082023937,1,42,76,431,61,2,-0.8249057508317219,1,-0.8526584327108915,1,0.31861645042656844,0.09194079781776904,0,0,0.0
0.31195589550912983,1,28,276,423,64,0,1.7610118672499127,2,-1.0956897608725071,1,0.7134432387762171,0.09499569143856607,0,0,0.0
-0.7661968986240564,1,18,325,481,11,0,-1.0497681524040379,3,-0.6239230650293708,1,-1.2179950839369105,0.10129175106569549,0,0,0.0
0.31531334621853735,1,23,625,155,99,2,-0.9935525520109589,1,-0.29511597398718487,1,1.1881999591340733,0.048051121095709526,0,0,0.0
-0.7306010691641142,1,22,476,301,38,2,0.7491310601744904,2,1.8349821375469764,3,0.051194496922876705,0.03619886978781095,0,0,0.13
0.11989601105057748,1,35,159,197,59,2,0.5804842589952534,2,0.333906287136997,1,-0.9377121392561748,0.11777744876323992,0,0,0.0
0.29636773150116685,1,11,480,294,3,1,-0.15031854611477377,1,0.7484891410597533,1,-1.1388010180506747,0.0913539716520474,0,0,0.0
-0.7461549734709608,1,13,461,257,69,0,1.5923650660706756,2,-0.6239230650293708,1,0.32262140820538476,0.09664246973597368,0,0,0.0
0.10348561421582081,1,37,500,567,53,0,0.9177778613537274,0,-0.9384341955914618,1,1.4028062114304425,0.06232723654760153,0,0,0.0
0.5077158276882537,1,19,298,321,51,0,0.41183745781601633,0,0.5912335757787078,1,-1.1272117676279794,0.10266502533148447,0,0,0.0
-0.8280699188402793,1,14,446,225,25,2,1.5361494656775965,2,0.4339780104976623,1,-0.3652800881787222,0.1053864515173798,0,0,0.0
-0.4161997920188885,1,38,549,557,90,1,-0.3751809476870898,1,-0.20934021110661458,1,1.0361218152576752,0.08666901797778442,0,0,0.0
0.010333486880322462,1,12,84,195,5,2,-0.03788734532861574,0,-0.9813220770317469,1,0.7131073556334353,0.09455958519391089,0,0,0.0
0.3903078319623423,1,20,477,459,22,0,-0.20653414650785276,0,-0.4523715392682303,1,1.5368799932563617,0.08236614137091158,0,0,0.0
-0.12173766092340917,1,28,393,434,28,1,1.0302090621398854,0,-0.02349272486537904,1,2.1725273030000865,0.08942909108386882,0,0,0.0
-0.7635246419369769,0,17,549,570,8,1,1.0864246625329645,2,0.6055295362588028,1,0.31765751687389415,0.04691479842958557,0,0,0.0
-0.3933143116731317,0,21,482,405,12,2,-1.218414953583275,3,-1.5102726147952634,1,-0.9903304129673586,0.039446731804514856,0,0,0.0
1.1331951909704139,1,2,400,284,4,2,-0.03788734532861574,0,-0.16645232966632947,1,1.7320819430750853,0.04775987083147881,0,0,0.0
0.8995097696554325,0,22,476,577,58,2,0.2994062570298583,1,-0.39518769734785014,1,-1.101612856959796,0.042156575901469595,0,0,0.0
0.18635983121639843,1,6,496,145,0,0,1.9858742688222286,2,-1.0670978399123172,2,-0.3719490351586847,0.0032367588075726816,0,0,0.03
-0.9346861087145238,0,26,434,365,1,2,-0.2627497469009318,1,-1.4673847333549783,1,-1.188686074737391,0.03980221319536825,0,0,0.0
-0.40660707570629584,1,29,40,404,34,0,-1.49949295554867,3,-1.4387928123947882,1,0.9631864573983857,0.04999800259567211,0,0,0.0
0.8398978897128923,0,26,621,545,44,1,1.4237182648914386,2,-0.8097705512706064,1,-0.7410512771607888,0.05540837320677339,0,0,0.0
0.9909831716362273,1,23,498,248,13,0,-0.4876121484732478,0,-0.4809634602284204,1,0.39507217130142414,0.09200600915390716,0,0,0.0
-0.810597471270914,1,28,631,453,36,1,-0.6000433492594058,1,-0.8812503536710816,1,0.5556576454659868,0.10745256287750299,0,0,0.0
-0.6462536850155313,1,25,234,451,69,0,-1.0497681524040379,3,1.8206861770668814,1,0.6367311185557263,0.06222365726103396,0,0,0.0
0.0906039665960535,1,41,622,11,42,0,0.5242686586021743,2,-1.2815372471137427,1,-0.734902820852465,0.06825610087057604,0,0,0.01
-0.8835706346488512,1,2,522,357,88,2,1.4237182648914386,2,0.6198254967388979,1,-0.40757828822810344,0.061060822916337854,0,0,0.0
-0.49335263893302694,0,32,262,314,0,1,1.1988558633191224,2,0.7770810620199433,1,-0.07722311533833781,0.0635218776687635,0,0,0.0
-0.25147914905122537,1,15,259,440,16,0,0.41183745781601633,0,-0.38089173686775507,1,0.8618010281474534,0.10793700028729725,0,0,0.0
-0.9393796877674709,1,12,78,520,26,0,0.07454385545754227,0,0.7913770225000384,4,2.4965545400395843,-0.023970738988375984,1,1,0.92
-0.8156679070361416,0,9,256,557,85,2,-0.4876121484732478,0,-0.9241382351113667,1,1.241377183418741,0.027064052771619274,0,0,0.01
-0.846090521627507,1,8,303,566,44,2,1.0864246625329645,2,0.333906287136997,1,-0.09781454678627245,0.08831395609868642,0,0,0.0
0.10807641416541866,1,34,153,481,17,1,0.5804842589952534,0,-1.5102726147952634,1,1.774185279621784,0.06893932296227118,0,0,0.0
-0.5337448265492655,1,6,45,241,87,0,-1.49949295554867,3,-0.052084645825569126,1,-0.87602245669643,0.07373696594449014,0,0,0.0
2.8779389897254437,1,3,477,338,73,0,-1.0497681524040379,3,0.34820224761709206,1,-0.8935986318396989,0.03889727717779368,0,0,0.0
-0.670749371313759,1,13,204,176,86,0,0.018328255064463266,0,-0.20934021110661458,1,2.2454754808266575,0.06397276961155873,0,0,0.0
-0.6813698786598439,1,13,268,529,69,0,-0.7124745500455638,0,-0.03778868534547408,1,1.2771064322329575,0.08250059569083562,0,0,0.0
-0.8381422709685016,0,5,632,140,60,2,1.3112870641052805,2,-1.5102726147952634,1,0.3131346324168953,0.026656225184319204,0,0,0.0
1.922949821105724,1,17,374,130,84,2,0.8615622609606484,1,1.5347669674649806,1,0.48745541952711685,0.04711278822583842,0,0,0.0
-1.015401964544768,1,1,355,584,38,1,0.5804842589952534,2,1.0915921925820342,1,0.6226496664934603,0.08514892241533134,0,0,0.04
0.4371065836873482,0,7,479,526,50,2,-1.0497681524040379,1,0.7484891410597533,1,1.2221036446073694,0.036725619502791074,0,0,0.0
0.77230349941023,1,17,669,75,9,2,0.4680530582090954,2,-0.5238513416687055,1,-0.13542833079090508,0.06175753548343954,0,0,0.0
-0.8329347963988084,0,30,419,266,99,1,-1.218414953583275,3,-1.2243534051933627,1,-1.0212085861621636,0.03778735395393262,0,0,0.01
-0.7844573193190989,1,29,43,202,90,1,-0.8811213512248008,0,0.5340497338583277,1,2.250459884105799,0.051222967695965904,0,0,0.0
-0.48112192563447126,1,27,662,90,67,1,-1.387061754762512,3,2.292452872910018,1,-0.9149695172983636,0.05397279763678764,0,0,0.01
1.1846532620472505,0,11,245,23,43,2,-1.49949295554867,3,-0.20934021110661458,1,-1.0429204827505227,0.02704592827348551,0,0,0.0
-0.7705478806658395,1,39,677,559,71,2,1.3675026644983594,2,-1.0813938003924122,1,0.28267182616201897,0.04410664534923514,0,0,0.02
-0.28844536655582365,0,13,198,293,86,1,1.5923650660706756,2,-0.2808200135070898,1,-0.7953669145400754,0.0794724810472987,0,0,0.0
-0.436241717171984,1,6,430,483,52,0,-0.9935525520109589,3,2.078013465708592,1,-0.8063305505594215,0.07537855701875007,0,0,0.0
0.1375054974244085,1,35,464,353,64,2,1.8734430680360705,2,-0.18074829014642452,4,0.4837991648583639,0.0011375135978561879,0,0,0.28
0.11311259022952992,0,26,628,246,98,1,1.0864246625329645,2,-0.09497252726585426,1,-0.6638314862359411,0.05636018131975129,0,0,0.0
1.0018092371890104,1,38,242,286,43,2,-0.8811213512248008,0,0.2910184056967119,3,1.199291794826237,0.020553538193054943,0,0,0.18
1.3711630749249457,1,27,362,183,91,2,-0.03788734532861574,1,0.47686589193794743,1,0.4383652008118686,0.09026293497309734,0,0,0.0
0.017699322620348918,1,34,620,363,42,0,-0.3751809476870898,1,-0.4523715392682303,3,0.8894716455283664,0.0312369155364961,0,0,0.04
1.2488216822382723,1,1,401,126,99,1,-1.218414953583275,3,1.4203992836242203,1,-0.7994334081618439,0.027319435490881894,0,0,0.01
-0.899467135966862,1,4,572,52,46,1,-0.8249057508317219,0,-0.20934021110661458,1,2.363019196839498,0.04000334310647102,0,0,0.02
1.0965373107758631,1,22,114,10,35,0,-0.20653414650785276,1,-1.1385776423127922,1,0.20313931313954484,0.08545925293573864,0,0,0.0
0.5097714097552378,1,15,100,158,18,0,1.0302090621398854,2,-0.6096271045492758,1,0.7049179605338582,0.09132110138291466,0,0,0.0
-0.40369500111140166,1,30,37,273,38,2,1.8734430680360705,2,-0.5524432626288956,1,0.20389312721571143,0.09641782354221662,0,0,0.0
-0.9087515149694072,1,18,602,226,79,1,-0.03788734532861574,0,-1.0670978399123172,1,0.7008206989906133,0.08934187585492914,0,0,0.0
0.26673309003547857,1,13,300,452,14,1,-1.443277355155591,3,-1.2529453261535526,1,-0.9761310172061006,0.09382990542032343,0,0,0.0
-0.5095917372622017,1,23,426,158,20,0,0.6929154597814113,0,-1.353017049514218,1,0.6892160646071799,0.0994249939154151,0,0,0.0
-0.608602273488605,0,30,283,341,91,1,0.9739934617468065,2,-1.038505918952127,5,-0.6455348289314382,-0.03048414861723936,1,1,0.99
-0.6624585236435896,0,21,601,29,80,2,1.0302090621398854,2,-0.16645232966632947,1,-0.026925255705149347,0.03897395941910076,0,0,0.0
-0.35364157778033756,1,25,149,175,23,0,1.1988558633191224,0,0.5912335757787078,1,2.3797902780374733,0.06271709677127979,0,0,0.0
0.05805725053547115,0,41,164,57,34,1,0.7491310601744904,1,1.5490629279450756,1,1.2330621526398033,0.04037817636807395,0,0,0.0
0.34059700564244233,1,20,43,570,57,0,-1.274630553976354,3,-0.2808200135070898,1,-1.126819476629158,0.07425438841022491,0,0,0.0
-0.37587612380488283,1,26,33,257,16,0,0.8615622609606484,1,0.8628568249005136,1,-0.7588710316824109,0.09286675031694264,0,0,0.0
-0.5541293487135249,1,14,415,502,14,2,0.6929154597814113,2,2.1351973076289723,1,-0.93173290651597,0.0637185171736453,0,0,0.0
0.6133727459312389,1,5,677,392,36,0,1.9296586684291497,2,-0.06638060630566417,1,-0.056421436426982434,0.06378936082331704,0,0,0.01
-0.7548911972556435,1,41,140,436,58,1,1.3112870641052805,0,0.5340497338583277,1,2.298278362066698,0.059548224995203736,0,0,0.0
-0.5858195722461973,1,35,614,362,30,1,-1.274630553976354,3,0.37679416857728215,1,-1.0647375030705921,0.10033577767054669,0,0,0.0
0.5260790274866454,1,7,239,305,93,0,0.07454385545754227,1,0.7913770225000384,1,-0.9635059134270405,0.0740864962586707,0,0,0.0
0.1921839804061868,1,38,458,450,67,2,0.8053466605675694,1,0.6198254967388979,1,1.124692405213778,0.0901756988330007,0,0,0.0
-0.7910694416345645,0,35,604,462,42,1,-1.105983752797117,3,0.2910184056967119,1,-1.0009761137981175,0.06310703012278895,0,0,0.0
-0.7349520512058972,1,24,178,106,25,1,-0.9935525520109589,1,2.449708438191063,4,0.4077921428383692,-0.018204784783267702,1,1,0.94
-0.7862388237771518,1,25,229,581,88,0,-1.387061754762512,3,-1.038505918952127,1,-0.956754918656475,0.05898379986226521,0,0,0.0
-0.676025365285685,1,24,289,123,44,2,1.9296586684291497,2,-0.9813220770317469,1,-0.20624839404870687,0.09034829280616447,0,0,0.0
1.0026657297169204,0,2,502,207,88,1,-1.105983752797117,3,-1.0242099584720321,1,-1.037397640845548,0.039324496281466614,0,0,0.0
-0.992756302106826,1,4,62,424,89,0,-0.4876121484732478,1,2.1923811495493526,1,-0.7368437638989209,0.030060926065542448,0,0,0.0
-0.7474225824122678,1,9,378,121,8,0,1.6485806664637546,2,-0.681106906949751,1,0.3756422288892153,0.08433207776172441,0,0,0.0
-0.8440691992616391,1,14,82,450,39,1,-1.218414953583275,3,-0.5381473021488006,1,-0.8845041470500308,0.11229031931820821,0,0,0.0
-0.142327741294367,1,26,294,417,8,0,0.5242686586021743,2,-1.2100574447132675,1,0.46046169641867996,0.0964786880625802,0,0,0.0
-0.41530903978986206,1,4,484,80,56,1,0.5804842589952534,2,0.0908749589753813,1,-0.690597013926763,0.11346599132635637,0,0,0.0
-0.7235093110330189,1,14,60,206,98,0,1.7047962668568335,2,0.07657899849528625,1,-0.5091047371191347,0.06764852997570853,0,0,0.0
-0.7363224392505533,1,25,451,244,13,1,-1.0497681524040379,3,-1.052801879432222,1,-1.2367968479523141,0.11657942514467551,0,0,0.0
0.8423645881932733,1,20,373,176,91,0,-1.49949295554867,3,0.03369111705500113,1,0.26940572401887164,0.06517056938905036,0,0,0.0
-1.0065287019556197,1,5,278,533,56,2,1.1426402629260435,0,0.7770810620199433,1,0.16734083650200715,0.053096728610168786,0,0,0.0
1.6086513230638475,0,23,426,174,38,1,0.9739934617468065,2,-1.1671695632729824,1,-0.097876082629225,0.07367276630201974,0,0,0.0
0.31921895214580714,1,32,531,234,44,2,-0.03788734532861574,0,-1.2243534051933627,1,0.09903605082488333,0.09702728603284172,0,0,0.0
0.2209621293439648,1,27,434,250,92,1,-0.7124745500455638,1,-1.2672412866336478,1,0.3784395457500915,0.10774017988366474,0,0,0.0
0.2566264782061399,1,26,608,316,72,0,-1.274630553976354,3,1.30603159978346,1,-0.3108798390153762,0.06819720917267724,0,0,0.0
0.06497771016098439,1,10,442,83,51,2,-0.9373369516178799,1,2.020829623788212,1,0.9048863741879338,0.0686981387558871,0,0,0.0
-0.6333720373957639,1,42,584,259,27,1,-0.7686901504386429,0,-1.4673847333549783,1,1.1578217646632565,0.06672118171885044,0,0,0.0
-0.335038560074131,1,11,136,403,37,0,-1.387061754762512,3,0.6198254967388979,1,-1.2684134512625476,0.09202269858655204,0,0,0.0
-0.4994166060306302,1,6,335,193,12,0,0.35562185742293734,2,-0.20934021110661458,1,-0.7479638035191043,0.10863853346078711,0,0,0.0
-0.8011760534639032,1,6,638,7,91,2,1.0302090621398854,2,-1.2672412866336478,1,-0.19945381138938337,0.033708781654277375,0,0,0.02
0.31044846866000814,0,8,372,126,12,1,0.4680530582090954,0,1.677726572265931,1,1.1820489388322934,0.0420190959174459,0,0,0.01
-0.5877381155087157,0,5,252,361,18,1,1.1426402629260435,2,0.677009338659278,1,0.23778142872826927,0.07496547037235624,0,0,0.0
-0.32561714226712035,1,9,27,458,28,0,-1.330846154369433,3,-1.2243534051933627,2,-1.131380820988002,0.052972557082309746,0,0,0.0
1.4614716470677824,1,13,142,15,1,1,-0.20653414650785276,0,0.20524264281614163,1,1.4892897107130776,0.04046955965329824,0,0,0.0
-0.7506087346160932,0,38,557,197,6,1,-0.7686901504386429,0,-1.1242816818326973,1,2.276107510649653,0.017901381387485205,0,0,0.01
-0.5090093223432228,0,13,334,296,18,1,0.07454385545754227,1,0.8056729829801335,1,1.0936501364377662,0.09392252112975141,0,0,0.0
1.9835552323806405,0,32,347,281,55,0,0.9739934617468065,2,-0.02349272486537904,1,-0.35143965150135303,0.05526627176182197,0,0,0.01
-0.9923109259923127,1,31,145,11,86,0,1.9296586684291497,2,-0.7811786303104162,1,0.13253206133861992,0.05258518684295099,0,0,0.01
1.8634064605654164,0,1,639,321,19,1,-1.105983752797117,3,2.392524596270683,1,-1.2209718803397311,-0.0351981037163942,1,1,0.93
0.5966540117864345,0,38,428,10,47,1,-0.6000433492594058,0,-1.1242816818326973,1,2.008682993152505,0.016552482657708256,0,0,0.0
-0.8549295245155387,1,27,648,77,59,1,-0.9935525520109589,1,-1.1671695632729824,1,0.056578883181208545,0.0938609897329713,0,0,0.0
-0.6912366725813678,1,42,87,92,69,2,-0.9935525520109589,3,-0.40948365782794516,1,-0.8686561034963407,0.07632207988268819,0,0,0.0
0.000912069073311779,0,25,404,316,69,0,-0.9373369516178799,3,-0.33800385542746997,1,-0.8805171372254088,0.06953625226984339,0,0,0.0
-0.9195433208210739,0,26,291,130,3,1,0.7491310601744904,0,-1.1242816818326973,1,1.7808337146540958,0.03542387923962509,0,0,0.0
1.9348036776919997,1,18,135,448,69,1,0.6929154597814113,0,-0.681106906949751,1,1.227941857707475,0.0823417115549046,0,0,0.0
-0.4197628009349944,1,19,391,475,99,2,-0.9373369516178799,1,0.7056012596194681,2,1.0667076931984563,0.02058703015689023,0,0,0.01
4.62556060337425,1,21,575,45,48,0,1.2550714637122016,2,-0.9670261165516518,1,-0.9308483287735297,0.013711163693545192,0,0,0.11
-0.6914079710869497,1,1,206,363,60,2,-1.274630553976354,3,-1.3244251285540278,1,-1.2416556155520944,0.0707447315420669,0,0,0.0
-0.43631023657421675,1,37,148,441,49,1,0.9739934617468065,2,0.19094668233604659,1,0.015047317175275486,0.12653145509047126,0,0,0.0
-0.8842900883722956,1,29,420,151,16,0,0.6366998593883324,2,-1.1671695632729824,1,0.19876257630955801,0.0971789127525845,0,0,0.0
-0.9540770995464075,0,7,529,141,6,2,0.2431906566367793,1,0.5769376152986128,1,0.8625676621909016,0.04982079814470963,0,0,0.0
0.19667200125243553,0,13,51,52,52,2,-1.0497681524040379,3,-1.2386493656734576,1,-1.2637495471654494,0.0335305542870189,0,0,0.0
0.4457057686675652,1,33,335,370,87,0,-0.09410294572169475,1,1.663430611785836,1,-0.6847818767677647,0.07654182593258724,0,0,0.0
-0.9528094906051007,1,9,654,170,1,0,-0.9935525520109589,1,-0.08067656678575921,1,-0.09607615922286823,0.06231706257756087,0,0,0.0
0.8578157133967708,1,28,212,529,69,0,-0.9373369516178799,3,0.7341931805796582,1,-0.9629751667815765,0.06927165407145058,0,0,0.0
0.05809151023658752,0,9,496,420,0,1,-0.9935525520109589,3,-1.4387928123947882,2,-1.027754461456221,0.007330393819895642,0,0,0.03
2.7321982211762665,1,37,193,568,75,0,-0.8811213512248008,1,-0.9670261165516518,1,0.9174396861502158,0.026523507953338687,0,0,0.02
-0.37049735072960766,0,4,82,497,7,1,0.4680530582090954,0,-0.8240665117507014,1,1.9138793351040193,0.02612393440759686,0,0,0.0
1.9243887285526127,0,7,66,525,65,1,1.8734430680360705,2,-0.7382907488701311,1,-1.0172702922132122,0.002203186234926102,0,0,0.02
-0.8406089694488825,0,37,86,153,15,1,-0.9373369516178799,3,-0.33800385542746997,1,-1.2843794385152294,0.05647493731563624,0,0,0.0
-0.8558202767445653,1,10,629,476,33,1,-1.105983752797117,3,-1.1814655237530776,1,-0.888265525450494,0.08500080830959028,0,0,0.0
-0.3263365959905648,1,27,22,128,48,2,-1.387061754762512,3,0.20524264281614163,1,-0.9976121543833883,0.09132992571099113,0,0,0.0
0.12986558407545068,1,34,314,23,2,0,1.0302090621398854,2,-1.038505918952127,1,0.3412924085545144,0.06618869130766869,0,0,0.0
0.7649034039690872,0,34,299,230,16,2,0.35562185742293734,1,-0.7668826698303213,1,1.0477597815560409,0.07668291933585036,0,0,0.0
-0.9109441358408569,0,33,578,44,73,0,0.1869750562437003,0,0.019395156574906088,1,-1.1205684605825805,0.016714578395663038,0,0,0.0
-0.9431482548902751,1,30,34,91,29,0,-1.330846154369433,3,-0.42377961830804023,1,-1.0035349792675534,0.07617506046266731,0,0,0.0
-0.36097315381924777,1,0,115,201,57,2,0.5242686586021743,1,-1.1528736027928874,3,-0.6419298541318122,0.011449637106288768,0,0,0.1
-0.9489038846778308,0,30,607,243,13,0,-0.5438277488663268,0,1.5061750465047905,1,1.8938930061117825,-0.007752560909937478,1,1,0.93
0.3700260889014322,1,40,623,407,30,2,-0.4313965480801688,1,-1.0813938003924122,1,1.1898024550442912,0.07055596988916996,0,0,0.0
0.20201651462659434,1,27,384,164,99,2,0.1307594558506213,1,-0.9670261165516518,1,-0.6739643883754304,0.0751845859701547,0,0,0.0
-0.9407158161110106,1,19,351,467,89,1,1.0302090621398854,2,0.662713378179183,1,0.21651566700131494,0.1021930578347156,0,0,0.0
1.6547306210654091,0,40,436,267,57,2,-1.218414953583275,3,0.3624982080971871,1,0.3587121800969462,0.02637489430849216,0,0,0.0
-0.06267393619873124,1,28,654,524,78,0,-1.443277355155591,3,-1.0242099584720321,1,-1.0052631108571324,0.05870255024585114,0,0,0.0
-0.9279026878934761,1,16,520,88,95,2,-0.6562589496524849,0,-1.3244251285540278,1,1.7818388000889844,0.0344052453440169,0,0,0.0
1.0742342453490852,1,11,43,458,8,0,-0.9935525520109589,3,0.019395156574906088,1,-1.0823829060371823,0.06964385992117922,0,0,0.0
0.4460483656787293,1,38,17,313,15,1,-1.49949295554867,3,0.9915204692213689,1,-0.9319175140448271,0.07212586969289492,0,0,0.01
-0.9042634941231584,0,27,454,451,66,2,1.0302090621398854,0,0.37679416857728215,1,1.9500777947207475,0.04426592796750606,0,0,0.0
-0.7686635971044372,1,37,126,503,89,1,-1.387061754762512,3,0.7484891410597533,1,-0.9754592509205373,0.06892475048154639,0,0,0.0
0.21387037121286953,1,9,71,451,3,2,1.3112870641052805,2,-0.7382907488701311,1,0.32980315387661696,0.07992010242113934,0,0,0.0
-0.7337187019657068,1,27,607,367,11,2,0.6366998593883324,2,-0.15215636918623443,1,-0.8317961335678747,0.10557483946075114,0,0,0.0
5.253472405435675,0,8,240,114,11,2,0.9739934617468065,0,-0.5238513416687055,1,1.636778306302612,-0.017366382932925806,1,1,0.93
-0.7402965645800561,1,42,78,271,58,1,-1.105983752797117,3,-0.32370789494737495,1,-1.0893928641468391,0.10647588403531982,0,0,0.0
0.6629465334466734,0,15,393,224,66,2,-0.5438277488663268,1,0.07657899849528625,1,0.6972900800012215,0.07931720021625227,0,0,0.0
2.378398287747179,1,25,479,490,41,2,-0.09410294572169475,1,2.5783720825119185,1,-0.41566768758288286,0.018664320305881943,0,0,0.07
-0.6286441986417004,1,4,267,500,23,1,1.3675026644983594,2,0.40538608953747224,1,0.19686778514531642,0.09922109616633407,0,0,0.0
0.033047668720497296,1,38,567,210,95,0,-1.443277355155591,3,0.23383456377633172,2,-0.882932419061289,0.03967424698719624,0,0,0.01
-0.8464673783397874,1,4,362,149,28,2,-1.387061754762512,3,0.2910184056967119,1,-1.023831551468008,0.09116955815094302,0,0,0.0
-0.9763116455709527,1,12,459,576,67,1,-0.6562589496524849,0,-0.8383624722307964,1,0.33490037286783775,0.07976182706692636,0,0,0.0
2.397412421866782,1,13,609,395,52,0,-1.218414953583275,3,0.3624982080971871,1,-1.0174472077617003,0.04657579729987482,0,0,0.0
-0.07308888533811767,1,21,297,587,23,1,0.6366998593883324,0,0.333906287136997,1,-1.280307816906548,0.07284689363673708,0,0,0.0
1.5030629242230953,1,16,486,496,53,2,-0.7686901504386429,0,-1.3101291680739329,1,2.3472455090960422,0.04125774059222265,0,0,0.01
-0.5558423337693451,1,15,213,351,97,1,-0.6562589496524849,1,-0.5381473021488006,1,1.248423037436787,0.1059683368952023,0,0,0.0
-0.03139482907945579,1,31,134,510,74,1,1.1988558633191224,2,-0.681106906949751,1,-0.13774105288853128,0.09747884052500733,0,0,0.0
-0.7751386806154373,1,24,250,253,20,2,0.2431906566367793,1,0.34820224761709206,3,0.3155576062331446,0.04546470161169314,0,0,0.12
-0.43589912016081994,1,16,219,91,90,0,-0.8249057508317219,0,-0.02349272486537904,1,0.23599688928265072,0.08293414762885637,0,0,0.0
2.2887749096266696,1,33,238,540,8,0,0.4680530582090954,1,-1.2529453261535526,1,-1.114950750919721,0.027774271056556277,0,0,0.0
-0.8692158198810787,0,39,337,109,37,2,-1.0497681524040379,3,1.8778700189872617,1,-0.8897603336355452,0.0274340739073895,0,0,0.02
1.0085583983089417,1,12,543,511,68,0,-0.9373369516178799,3,0.17665072185595154,1,-1.2119107274649956,0.07868012929724777,0,0,0.0
0.552767334656323,1,11,73,149,75,1,0.41183745781601633,1,0.8628568249005136,1,0.12964756870022787,0.09483200521432311,0,0,0.0
0.10194392766558275,0,22,514,260,58,1,-1.387061754762512,3,0.7913770225000384,1,-1.2235948456455756,0.0738433617560797,0,0,0.0
1.5744258816485615,1,33,448,300,84,2,0.4680530582090954,1,-1.1671695632729824,1,-0.10549370718803638,0.08427405163758611,0,0,0.0
-0.8577388200070838,0,22,30,253,33,2,1.5923650660706756,2,0.5769376152986128,1,0.39626699225208273,0.04797548276002761,0,0,0.0
-0.43380927839271943,1,26,253,250,43,1,-1.0497681524040379,3,2.4640043986711584,1,-0.986889533748939,0.07869051556554107,0,0,0.0
-0.6370035657141025,0,42,369,491,67,2,0.1869750562437003,1,0.2910184056967119,1,0.15445933337731238,0.059381306408372025,0,0,0.0
1.0314438786546984,0,5,305,462,31,1,-0.7124745500455638,1,1.4632871650645054,1,-0.6479706227149693,0.038093453899887164,0,0,0.0
2.0528283480380054,1,9,565,108,86,2,-0.6562589496524849,0,0.6913052991393731,1,1.5467129081614581,0.024418877838273678,0,0,0.0
-0.8448571723873164,1,11,211,133,2,1,-0.8811213512248008,0,-0.6239230650293708,1,-0.9691133671160748,0.08375004251820573,0,0,0.0
-0.29543434558356974,1,37,38,364,19,1,0.1307594558506213,1,1.063000271621844,1,-0.0907558728009451,0.0963243183957162,0,0,0.0
1.3946994895919143,1,19,436,455,88,2,0.35562185742293734,2,0.4339780104976623,1,-0.4734318961609581,0.08603844296000296,0,0,0.0
0.022461421075528818,1,1,11,342,9,1,-1.387061754762512,3,-1.1385776423127922,1,-1.1351806592903106,0.06038600006824135,0,0,0.01
-0.5988039989693138,1,38,404,100,9,1,0.41183745781601633,0,-1.5388645357554536,1,0.8554859122644674,0.0763561851625883,0,0,0.0
-0.6469731387389757,1,15,80,62,96,0,0.2994062570298583,0,-1.3816089704744081,4,2.4910599020626294,-0.04561692282745755,1,1,0.95
-0.845165509697364,0,17,532,88,88,2,-0.9373369516178799,3,0.4339780104976623,1,-0.9837024898826978,0.04504901195586675,0,0,0.0
-0.31091973048818367,1,30,127,529,9,1,-1.387061754762512,3,0.4911618524180425,1,-1.1947294073140045,0.08085584595645617,0,0,0.0
0.38677908274735295,0,1,352,513,70,1,-1.105983752797117,3,0.20524264281614163,1,-0.8386137921683054,0.05040422502888786,0,0,0.01
-0.9609632994708044,1,0,400,323,18,0,0.4680530582090954,2,-0.2665240530269948,1,-0.8960549375708807,0.08611651673684045,0,0,0.0
-0.975215335135228,1,14,352,48,97,1,-1.218414953583275,3,0.5483456943384226,1,-1.0751011646211526,0.06864769817830169,0,0,0.0
1.1520722862855517,1,18,576,169,66,2,-0.9935525520109589,3,0.7913770225000384,1,-1.226651125845543,0.06423877017850071,0,0,0.0
-0.42795086950181455,1,3,357,544,30,0,-0.6562589496524849,0,-1.4673847333549783,1,1.4385662281661353,0.053805643154352656,0,0,0.0
-0.45237803639780955,1,9,619,59,60,1,-0.9373369516178799,3,-0.06638060630566417,1,-1.1159840402826293,0.08628241379881535,0,0,0.0
-0.6987738068269762,1,27,515,197,95,0,-0.8811213512248008,1,0.30531436617680696,1,1.2202857732468189,0.07738323966392063,0,0,0.0
-0.003884289082984686,1,9,279,465,45,1,-1.218414953583275,3,0.23383456377633172,1,-1.1679792635839206,0.11738625750211246,0,0,0.0
0.15158623458324977,0,12,530,367,25,1,-0.9935525520109589,3,-0.43807557878813524,1,-0.9523345939377302,0.08481119097213757,0,0,0.0
-0.6823976696933358,1,34,182,235,51,2,-0.9935525520109589,3,-1.0242099584720321,1,-1.0772856870459615,0.10645388925445176,0,0,0.0
0.3236041938887068,1,10,396,393,98,0,0.8615622609606484,1,0.7484891410597533,1,-0.18732868633431135,0.08386409692423802,0,0,0.0
-0.11015788194606514,1,35,329,6,89,0,-0.8249057508317219,1,0.7056012596194681,1,1.175967146353835,0.0646162301586295,0,0,0.0
-0.5098658148711329,1,38,175,113,82,1,1.2550714637122016,2,0.7913770225000384,1,-0.76301444510787,0.0949754216947784,0,0,0.0
3.379295455862877,1,7,328,418,29,0,-0.15031854611477377,0,0.019395156574906088,1,1.5198320007651005,0.04154995702345732,0,0,0.03
-0.31205030062502503,1,16,342,13,45,0,0.35562185742293734,2,2.2209730705095425,1,-0.3057723640503301,0.06752143496012447,0,0,0.0
-0.7526643166830773,1,42,596,145,70,1,-1.330846154369433,3,0.11946687993557138,1,-1.1408701607699478,0.09243870642709745,0,0,0.0
0.07306299962445542,0,42,257,155,36,1,-1.330846154369433,3,-0.8526584327108915,1,-1.0120217976080668,0.07121737400558376,0,0,0.0
1.2126434378593511,1,31,332,35,42,2,1.5361494656775965,2,-0.5381473021488006,1,-0.7149754637097245,0.06614709999081209,0,0,0.0
-0.9905979409364927,1,30,189,150,21,0,-1.274630553976354,3,0.30531436617680696,1,-1.0253417436137973,0.09868004722695317,0,0,0.0
-0.9638068546634659,1,1,677,158,37,0,0.6929154597814113,0,-1.0813938003924122,1,1.501735334950193,0.048334953035187644,0,0,0.03
-0.8824058048108935,1,29,205,398,85,1,-1.218414953583275,3,1.1487760345024145,1,0.33190819250427905,0.07432075358614842,0,0,0.0
2.4448621079129995,1,40,36,439,73,1,0.9177778613537274,2,0.13376284041566644,1,0.18578876942043454,0.05520599641555746,0,0,0.01
-0.028825351495725602,1,3,108,264,66,0,1.1426402629260435,2,-0.7954745907905113,1,-0.506274088343326,0.09210532831256396,0,0,0.0
-0.5116130596280695,1,29,374,417,20,0,-1.105983752797117,3,-0.8955463141511766,1,-1.0654938811402148,0.10828831887883167,0,0,0.0
0.2617311736724839,1,34,597,30,96,0,0.8615622609606484,0,0.2910184056967119,1,0.8912946448758303,0.04891100996129083,0,0,0.0
-0.14818615018527187,1,12,397,339,83,2,0.2431906566367793,1,-0.5810351835890857,1,0.08891340465921935,0.10445657170412787,0,0,0.0
-0.8237189367984962,1,8,108,98,21,0,-0.2627497469009318,1,-0.6525149859895609,1,-1.2543268712133686,0.08109564858559626,0,0,0.0
-0.9585993800937727,1,17,394,312,90,1,0.9177778613537274,2,0.6055295362588028,5,-0.7262262669961818,8.55243669664052e-05,0,1,0.53
0.5193298663667142,1,10,561,281,5,2,1.2550714637122016,2,-0.995618037511842,1,-1.0482407691724458,0.0669410252864322,0,0,0.0
0.11554502900879443,1,34,322,302,77,1,0.9177778613537274,0,0.24813052425642676,5,2.0358715797636244,-0.019016742291764754,1,1,0.97
0.665721569237102,1,25,303,275,35,2,1.8734430680360705,2,0.5054578128981375,1,-0.6903201026334774,0.09727163895463786,0,0,0.0
0.06970554891504792,1,20,323,213,90,0,0.5242686586021743,1,0.062283038015191215,1,-0.5430007306120619,0.12130704257351399,0,0,0.0
-0.40499686975382493,1,23,212,296,27,2,-0.2627497469009318,0,0.7627851015398482,1,1.6798969842580247,0.08883634001696339,0,0,0.0
-0.11649592665259967,1,9,321,147,51,1,1.4799338652845175,2,-1.4816806938350733,1,0.482555628032035,0.09211721888413027,0,0,0.0
-0.6981228725057647,1,36,17,172,5,2,-0.31896534729401077,1,0.8056729829801335,1,0.8481067390970962,0.08236333111985478,0,0,0.0
-0.8959041270507563,1,8,322,583,94,1,0.4680530582090954,0,0.677009338659278,1,1.8473462689052322,0.04658690408439414,0,0,0.01
-0.5506005994985355,0,22,528,52,28,1,-1.162199353190196,3,-0.695402867429846,1,0.6029607607421602,0.05805244991852776,0,0,0.0
-0.5636535456238848,1,34,302,321,0,1,-1.330846154369433,3,0.5054578128981375,1,-0.8828631912379677,0.09300911327494416,0,0,0.0
1.9906127308106192,1,8,616,489,79,0,0.8615622609606484,1,0.2767224452166169,1,-0.0410067077674153,0.04204185504317326,0,0,0.0
-0.07206109430462555,1,2,635,379,1,1,1.3112870641052805,0,-1.4959766543151685,1,0.9815677264869482,0.025228447941184506,0,0,0.0
-0.9383518967339789,1,37,140,300,70,0,0.07454385545754227,0,-1.2529453261535526,1,0.7264144816718839,0.07306746477936354,0,0,0.0
-0.9996425020312228,1,15,6,114,63,0,-1.105983752797117,3,1.4632871650645054,1,-0.980305198553036,0.052529265508898915,0,0,0.0
0.7110471538141024,1,32,416,445,57,0,1.3112870641052805,2,0.8485608644204186,1,-0.6637750783799015,0.0913080278347953,0,0,0.0
-0.9131367567123065,1,18,298,425,71,0,0.07454385545754227,0,-0.8383624722307964,1,1.512742558858297,0.08824709089239835,0,0,0.0
-0.9934757558302704,1,1,514,420,21,0,0.2994062570298583,0,0.6198254967388979,1,0.2976019600583361,0.07194768953422886,0,0,0.0
-0.07343148234928158,0,32,23,496,18,0,0.4680530582090954,2,-0.695402867429846,1,-0.8668766920376348,0.050149305846376,0,0,0.01
-0.3950272967289518,1,36,188,84,31,2,0.5242686586021743,0,0.04798707753509617,1,-1.1773634796341559,0.08693515167878618,0,0,0.0
-0.3874216430811105,0,32,430,208,20,2,0.5242686586021743,0,-0.02349272486537904,1,1.0941424231813852,0.08261762411391427,0,0,0.0
-0.7656487434061938,0,41,309,133,64,2,1.3675026644983594,2,-0.695402867429846,4,-0.3061902949837148,-0.041443461006001936,1,1,0.99
-0.8384163485774327,1,16,52,568,54,1,-1.162199353190196,3,-0.7096988279099411,1,-1.06491441861908,0.0919889495006429,0,0,0.0
0.013279821176333122,1,7,29,406,39,1,-1.330846154369433,3,2.449708438191063,1,-1.167533128722516,0.03663735527785894,0,0,0.01
-0.8861058525314651,1,20,649,333,99,2,-0.9935525520109589,1,-0.995618037511842,1,-1.1237426844815397,0.039021019310632954,0,0,0.0
-0.70045253218168,1,22,604,550,91,2,1.2550714637122016,2,0.44827397097775734,1,0.09217993232260727,0.07007956670109017,0,0,0.0
-0.704872033625696,1,39,455,498,39,2,-1.330846154369433,3,0.40538608953747224,1,-1.1056485826600886,0.08083511942936272,0,0,0.0
0.017253946505835702,0,38,429,236,51,1,-0.9935525520109589,1,-1.5674564567156437,1,-0.5930575748603535,0.06829951109576166,0,0,0.0
-0.9126913805977934,1,5,395,576,22,0,0.41183745781601633,1,-0.6525149859895609,1,0.1106765811167054,0.09651560702448858,0,0,0.0
-0.6327211030745523,0,40,424,464,30,2,-0.9935525520109589,1,0.21953860329623667,1,-0.08969437951001698,0.06271230016567797,0,0,0.0
0.8896087160327922,1,38,180,288,75,0,1.3675026644983594,0,-0.9527301560715568,1,0.031490207210838415,0.06595234980552434,0,0,0.0
0.04281168353867189,1,11,390,562,67,1,-0.4876121484732478,0,0.662713378179183,1,1.243074547086844,0.07829132498433822,0,0,0.0
-0.7441679108062096,1,18,666,1,63,2,0.41183745781601633,0,-0.052084645825569126,1,1.1662521751477302,0.054207417996227636,0,0,0.01
0.4126108973891203,1,2,376,441,50,2,0.7491310601744904,0,0.5912335757787078,1,1.4376278065611117,0.07299524821278808,0,0,0.0
1.3969263701644803,1,42,545,494,25,2,0.8053466605675694,0,0.062283038015191215,1,-0.02848159973315281,0.04701898459523768,0,0,0.0
2.707565496073574,1,4,532,42,52,0,1.8734430680360705,2,-0.23793213206680466,1,-0.6668416145536942,0.01939428037588964,0,0,0.03
0.9826238045638249,1,19,314,75,50,0,-1.218414953583275,3,-1.1242816818326973,1,-0.16386045422835338,0.07440744337392846,0,0,0.0
-0.7481762958368287,1,7,13,194,54,1,0.6366998593883324,2,0.2910184056967119,1,-0.8972087346262375,0.10192494854877882,0,0,0.0
4.163911130830727,1,30,31,281,70,2,-1.443277355155591,3,-0.995618037511842,1,1.243302742504459,-0.004677153429005321,1,1,0.75
-0.13054240411032458,1,2,418,185,44,2,1.5361494656775965,2,2.4640043986711584,1,0.5656956798475912,0.028864118453543752,0,0,0.03
-0.7537948868199187,1,1,426,98,90,2,0.2431906566367793,0,1.5061750465047905,1,1.9711025410628051,0.020813529127034935,0,0,0.01
2.4039560247800145,1,4,31,78,49,2,-0.8811213512248008,1,-1.1385776423127922,1,-0.21586080551655734,0.035730878739513305,0,0,0.0
2.895754034305972,0,29,476,357,27,1,0.9177778613537274,2,-1.0242099584720321,1,-0.6786667523743736,0.03975487268281985,0,0,0.07
0.9866321895944442,1,33,563,223,90,1,-1.218414953583275,3,-0.9241382351113667,1,-0.8679843372107774,0.08095852445979379,0,0,0.0
0.4696190400468142,0,41,105,82,23,2,-0.9935525520109589,3,0.062283038015191215,1,-0.9784642512513777,0.04846750443903314,0,0,0.0
0.11780616928247707,1,10,293,484,46,0,1.6485806664637546,2,-1.5388645357554536,1,0.6375849283766903,0.07476818743872465,0,0,0.01
0.8231448958669715,1,18,156,122,0,2,-0.9935525520109589,3,0.20524264281614163,1,-1.2361635415685959,0.06218396787437619,0,0,0.0
-0.9893645916963021,1,9,447,404,45,2,0.6929154597814113,0,0.648417417699088,1,2.1561510767943886,0.07043688357600697,0,0,0.0
-0.336991363037766,1,40,179,370,51,0,-0.8811213512248008,1,-0.9384341955914618,1,1.2101272311727658,0.09720630046572926,0,0,0.0
0.9961906462059203,1,9,466,449,99,2,-0.9373369516178799,3,2.349636714830398,1,-0.817458282159974,0.009200874463327402,0,0,0.03
-0.8888466286207773,0,28,662,32,64,2,1.5361494656775965,2,0.13376284041566644,1,-0.9458143585782359,0.024984407550731946,0,0,0.0
-0.3733751656233854,1,4,436,24,82,2,1.2550714637122016,2,-1.338721089034123,1,0.5264563239916338,0.04947626141873818,0,0,0.0
1.294250045918622,0,17,491,6,0,2,0.6366998593883324,2,-1.2672412866336478,1,-0.10496808852948489,-0.011487938648823803,1,1,0.91
-0.39184114452512636,1,25,282,496,98,0,-0.9935525520109589,3,-0.8097705512706064,1,-1.0486433161450923,0.07365676365849755,0,0,0.0
-0.8197448114689935,0,21,133,560,10,1,-0.8811213512248008,1,2.2209730705095425,4,0.23414055802025446,-0.04713158953083918,1,1,0.91
-0.4821497166679633,1,5,164,28,98,0,0.35562185742293734,0,-0.2522280925468997,1,2.3945255484311083,0.03212169315220381,0,0,0.01
0.7167685239005417,1,25,630,107,90,0,0.8053466605675694,1,-1.1242816818326973,1,-0.6043519660355687,0.07747688692897076,0,0,0.0
0.10550693658168847,1,27,381,31,12,0,-0.20653414650785276,1,-0.16645232966632947,1,-0.6641955733067426,0.09808961379667536,0,0,0.0
-0.7712673343892839,1,4,65,562,82,2,-0.8811213512248008,0,-0.681106906949751,1,-0.9765592041133109,0.03460703623602257,0,0,0.01
-0.06164614516523913,1,13,437,237,96,0,-1.105983752797117,3,0.1623547613758565,1,-0.8213504242267109,0.09084233867596142,0,0,0.0
0.1842699894482978,1,27,248,442,25,1,1.0864246625329645,2,-1.4102008914345983,1,0.6390310206860709,0.10299712507629888,0,0,0.0
-0.4338435380938358,1,42,624,586,82,1,1.0864246625329645,0,-0.7239947883900362,1,2.118009110137748,0.02966597161531126,0,0,0.0
-0.4016394190444174,0,28,436,240,20,2,-0.6562589496524849,1,-0.9241382351113667,1,1.228390556562336,0.09027346097725109,0,0,0.0
0.21212312645593304,1,5,142,393,9,2,1.9296586684291497,2,0.5340497338583277,1,0.5229051930545913,0.07676858430399641,0,0,0.0
2.8057880591742994,1,40,199,97,4,0,0.6366998593883324,2,-0.22363617158670962,1,-0.9541037494226106,0.022223593862697344,0,0,0.01
-0.6829800846123146,1,23,4,273,30,2,-0.9373369516178799,3,0.40538608953747224,1,-1.1624230897640133,0.09190850464071176,0,0,0.0
0.4768135772812586,1,17,273,444,74,0,-1.387061754762512,3,0.8056729829801335,1,-1.0995975581031059,0.08913335416525175,0,0,0.0
-0.8598971811774172,1,11,28,135,59,2,0.5804842589952534,0,-0.7382907488701311,1,-0.9105773965076386,0.07598486035194035,0,0,0.0
-0.6717771623472512,0,40,54,380,41,2,0.07454385545754227,1,1.1344800740223193,1,-0.5286526232303358,0.053848112314132224,0,0,0.0
0.04051628356387306,1,14,380,341,88,1,-0.9935525520109589,1,-1.1099857213526023,1,0.8846180059154987,0.1010985917046508,0,0,0.0
1.5069685301503652,0,0,428,307,36,1,0.4680530582090954,0,-0.6382190255094659,4,-1.148705724772549,-0.054630815380228515,1,1,0.93
-0.7286482662004792,1,33,647,116,33,2,-1.49949295554867,3,-0.7382907488701311,1,-0.8826401238072655,0.07456753734290983,0,0,0.01
2.9367286368411896,1,8,568,588,5,0,0.35562185742293734,0,-0.16645232966632947,1,0.2733209420267159,0.009498948891182968,0,0,0.02
-0.846775715649835,1,38,42,182,56,1,-0.7124745500455638,0,-0.9813220770317469,1,1.199937921177237,0.0869904350725555,0,0,0.0
0.5033648456464705,1,21,523,342,25,2,-0.9935525520109589,1,-1.4673847333549783,1,0.07955995653046014,0.08881060854119316,0,0,0.0
2.157868591660896,1,2,205,226,26,0,-1.162199353190196,3,-0.35229981590756504,1,-1.0134089180679513,0.04657058078862131,0,0,0.0
0.6301599994782761,1,1,140,361,86,1,0.7491310601744904,2,2.249564991469733,1,0.263639302735544,0.041087056529888755,0,0,0.01
-0.5508061577052339,1,6,524,451,90,1,-0.7686901504386429,1,-1.5102726147952634,1,0.28584092207406564,0.07636060837260245,0,0,0.0
1.1182579612836625,1,15,202,45,96,1,-1.0497681524040379,1,0.17665072185595154,5,-0.03541463803911913,-0.02395019869613446,1,1,0.95
0.07505006228920671,0,41,496,465,80,1,-0.8811213512248008,1,-0.7239947883900362,1,-0.7045861622246004,0.062404372891751936,0,0,0.0
-0.3945819206144386,1,18,498,387,79,1,0.35562185742293734,2,0.24813052425642676,1,-0.5289551744581849,0.12435146762980254,0,0,0.0
-0.33370243173059133,0,35,383,228,29,1,0.41183745781601633,2,-0.16645232966632947,1,-0.18572106243718073,0.11139967718051513,0,0,0.0
-0.00032128016687875725,0,18,309,333,70,1,1.5923650660706756,2,-0.5667392231089906,1,0.42404273336470594,0.08670253372156822,0,0,0.0
0.1653586344320437,1,29,433,585,68,0,0.35562185742293734,2,0.3624982080971871,1,-0.9255152223843248,0.08256915032188844,0,0,0.0
-0.8277615815302316,0,18,534,513,12,1,-1.162199353190196,3,-0.46666749974832533,1,0.4955525108622654,0.05549136416418199,0,0,0.0
-0.44281957978633324,1,31,618,542,67,0,1.0864246625329645,2,1.7206144537062162,1,0.6073349335786908,0.07076456802285908,0,0,0.0
-0.9402704399964974,0,23,538,73,63,2,0.1307594558506213,0,-0.38089173686775507,1,1.3902580274550733,0.06413172304924658,0,0,0.0
-0.07404815696937685,0,42,632,562,52,2,1.5361494656775965,2,-0.7525867093502262,1,0.2658212611668966,0.027160101733386455,0,0,0.01
-0.30756227977877626,0,19,177,395,77,2,-1.443277355155591,3,-1.2815372471137427,1,-1.2525833556630517,0.048632576045051557,0,0,0.0
-0.05523958105647185,1,30,453,9,28,0,-0.6000433492594058,1,0.319610326656902,1,-0.1735369655326128,0.09865619736366993,0,0,0.0
-0.8211494592147659,0,34,376,518,78,1,0.7491310601744904,1,-0.32370789494737495,1,-0.3777385323831196,0.07561242629477322,0,0,0.0
-0.1551408695119016,0,39,404,441,36,0,-1.0497681524040379,3,0.7484891410597533,1,-0.9050135307073625,0.04876034465854273,0,0,0.0
-0.40883395627886204,1,28,293,572,2,0,0.8053466605675694,2,-0.8669543931909865,1,-1.0197445458985885,0.06377064218237966,0,0,0.0
2.987432994493465,1,27,468,120,66,2,-0.9373369516178799,3,-0.08067656678575921,1,0.21336195505000627,0.04748652326547709,0,0,0.02
0.1714226015296469,0,6,544,199,24,2,-1.105983752797117,3,2.1780851890692574,1,-0.9523345939377302,0.012803117726364666,0,0,0.08
-0.3353811570852951,1,16,528,486,83,0,-0.09410294572169475,1,2.363932675310493,1,0.6307800897435414,0.07181725668959993,0,0,0.0
0.36327692778150084,1,19,556,585,41,1,-0.7686901504386429,1,0.677009338659278,3,-0.4641553678358893,0.01071951885487632,0,0,0.0
-0.9508224279403493,1,22,180,318,16,0,-0.9935525520109589,3,0.34820224761709206,1,-1.1971523811302536,0.10439737647834069,0,0,0.0
0.06830090116927533,1,24,33,104,69,2,-0.03788734532861574,1,-0.22363617158670962,1,0.2880331364792436,0.09415520836145913,0,0,0.0
-1.0180057018296147,1,18,322,453,77,1,-0.6000433492594058,1,0.7484891410597533,1,0.9117373647032968,0.11372294706003183,0,0,0.0
-0.9653828009148204,1,28,588,586,17,1,1.3675026644983594,0,-1.5531604962355485,4,0.8385661194460237,-0.035814003140194894,1,1,0.95
1.1670437756734195,1,31,219,381,46,1,0.1869750562437003,1,-0.7954745907905113,1,0.1490903310797185,0.12786631369030282,0,0,0.0
-0.4331583440715078,1,27,444,133,57,2,0.35562185742293734,2,-1.1099857213526023,1,0.259526657231561,0.12262215141847599,0,0,0.0
-0.8905596136765974,0,38,206,354,61,2,-0.9935525520109589,3,-0.15215636918623443,1,-1.2057238112548267,0.072743538398716,0,0,0.0
1.7451077126104788,1,39,671,276,27,2,-1.105983752797117,3,-1.5531604962355485,1,-1.2850999206764635,0.019967874747634617,0,0,0.02
0.6619872618154141,1,18,556,209,28,0,-1.0497681524040379,1,-0.08067656678575921,1,0.9204651984287073,0.0910949873831815,0,0,0.0
-0.7282371497870824,1,36,107,177,19,0,0.35562185742293734,2,-1.0242099584720321,1,-0.1324899942899297,0.10431710187752291,0,0,0.0
-0.07517872710621827,0,1,235,483,12,1,-0.9373369516178799,1,-1.5102726147952634,1,-0.04018622986138383,0.035807067071489396,0,0,0.01
2.512113901204497,1,36,625,72,59,0,-1.105983752797117,3,-1.1528736027928874,1,-0.8134276844465941,0.027722237857311316,0,0,0.01
-0.5352179936972707,1,10,117,461,25,2,0.07454385545754227,1,-0.6096271045492758,1,-1.0498355731022946,0.10730560528267674,0,0,0.0
0.036439379131021174,1,19,7,293,57,0,0.8615622609606484,2,-1.3816089704744081,1,-0.24708511782796927,0.09248546515389072,0,0,0.0
1.2946611623320188,1,5,405,316,64,0,0.9177778613537274,2,0.5626416548185177,1,-0.8259399725135748,0.08929332579030919,0,0,0.0
2.8955142163981575,0,15,26,126,57,2,-1.105983752797117,3,-0.695402867429846,1,-0.9269792626478999,0.01144893914884293,0,0,0.07
0.7681580755751453,1,41,478,332,57,0,0.1307594558506213,1,-1.2243534051933627,1,-0.09316089866300002,0.0946772368064589,0,0,0.0
0.996156386504804,1,5,344,546,67,2,-0.6562589496524849,1,0.20524264281614163,1,0.8514219826361549,0.07676429519709999,0,0,0.0
-0.8271791666112528,1,26,324,347,88,1,-0.7686901504386429,0,-0.6096271045492758,1,2.090069273443919,0.07081297718210072,0,0,0.0
0.8147170093923363,1,36,438,450,22,1,-1.218414953583275,3,-0.1378604087061394,1,-1.1441725843417248,0.10722387330627375,0,0,0.0
-0.3577870016154223,1,5,286,103,99,0,1.0864246625329645,2,-0.15215636918623443,1,-0.7204162578240961,0.07825433076816707,0,0,0.0
0.8356839464755746,0,16,324,177,93,1,0.1869750562437003,1,0.5912335757787078,1,0.2494604189219367,0.07211638271944337,0,0,0.0
-0.8025807012096758,0,21,469,512,13,1,-1.218414953583275,3,0.062283038015191215,1,-1.1081510402734847,0.07209882021526015,0,0,0.0
-0.04598946175504322,1,22,241,420,73,0,0.35562185742293734,2,0.9915204692213689,1,-0.4191470267031478,0.10578747528793236,0,0,0.0
-0.5585831098586572,1,38,213,8,25,2,0.8053466605675694,0,0.648417417699088,1,2.4968468352936077,0.03244125328057035,0,0,0.03
-0.8998782523802589,1,8,419,217,55,1,-0.7686901504386429,1,-0.681106906949751,1,-0.5907269048085328,0.1267867074350173,0,0,0.0
0.13048225869554597,1,40,541,558,61,2,-1.162199353190196,3,0.319610326656902,1,-1.0064579318077906,0.05972838018493665,0,0,0.0
0.2185296905647003,0,25,429,488,94,2,1.5361494656775965,2,-0.695402867429846,3,-0.0362504999058888,-0.025781944192441508,1,1,0.91
-0.9468140429097301,1,41,170,493,93,0,-1.218414953583275,3,-0.23793213206680466,4,-1.2294663906606136,-0.0024907930915519794,1,1,0.94
-0.6932922546483518,1,10,279,452,76,2,-1.387061754762512,3,-0.8526584327108915,3,-1.0633965344929217,0.023328028265385714,0,0,0.13
-0.5754731425090437,0,38,175,408,69,0,-1.218414953583275,3,0.062283038015191215,1,-1.1522645476899607,0.04998890839791248,0,0,0.0
-0.3377108167612104,1,22,518,589,80,0,-1.274630553976354,3,0.9343366273009888,1,-1.1078177211241593,0.06040688065536248,0,0,0.01
1.3255291530378974,1,13,74,265,34,1,-0.8811213512248008,0,-0.6239230650293708,1,0.2934047027702937,0.09317004337978657,0,0,0.0
0.451050282041724,1,39,194,297,89,2,-0.8811213512248008,1,-0.18074829014642452,1,-0.024261266504003176,0.0937325311331304,0,0,0.0
0.5927826655602811,1,40,622,234,1,1,0.6929154597814113,0,0.10517091945547634,1,1.8861548738605232,0.03875852408695035,0,0,0.0
-0.31294105285405144,1,3,44,166,73,0,1.6485806664637546,2,-0.9098422746312717,1,-0.3751719749333147,0.07323829774547796,0,0,0.0
0.5428662810336827,1,11,214,567,72,1,1.3112870641052805,0,-1.4244968519146932,1,1.6961347548170795,0.045462137969148664,0,0,0.0
-0.06979995403094291,1,18,565,142,34,1,-0.5438277488663268,0,-1.1242816818326973,1,1.7922845094301483,0.08018428928015342,0,0,0.0
-0.8316671874575015,1,18,138,246,1,2,0.41183745781601633,2,0.062283038015191215,1,-0.41505745714027187,0.10442022646436955,0,0,0.0
0.11520243199763051,0,28,429,13,34,1,0.9177778613537274,0,0.5912335757787078,1,1.9227251125284215,0.04267518179655505,0,0,0.0
-0.23054647166910341,1,7,28,124,31,2,0.07454385545754227,1,-1.367313009994313,1,0.8313946297486166,0.08105728042429777,0,0,0.0
0.8226310003502255,0,23,72,131,77,2,-1.443277355155591,3,0.7913770225000384,1,-0.8482262036361559,0.028082736237068806,0,0,0.01
-0.2677525070815166,1,42,665,488,2,2,-0.15031854611477377,1,-1.3816089704744081,1,-0.2325626588912113,0.023542112170348184,0,0,0.01
-0.8259115576699458,1,29,144,159,76,0,-0.15031854611477377,1,0.4625699314578524,1,0.46072322375122743,0.10658869465412124,0,0,0.0
-0.3655296940677292,1,17,375,430,1,2,-0.9373369516178799,3,-1.1385776423127922,1,-1.2853435000548166,0.06623564695873707,0,0,0.0
0.957682742151084,0,38,423,280,64,1,-0.2627497469009318,1,-0.7668826698303213,1,0.3913184848813301,0.07784754212017969,0,0,0.0
-0.28868518446363844,1,29,308,486,87,0,0.41183745781601633,2,0.5912335757787078,1,0.07336534833992198,0.10853965463805065,0,0,0.0
1.6148180692648002,1,16,273,442,50,1,1.0864246625329645,2,-0.9527301560715568,1,0.4476417291369375,0.09978099004723562,0,0,0.0
0.43960754186884565,1,17,397,227,37,0,-1.218414953583275,3,-1.038505918952127,1,-1.2129542728017295,0.10173601467945809,0,0,0.0
-0.6323099866611555,0,40,504,30,0,2,-0.4876121484732478,0,-1.5388645357554536,1,0.42096337722363136,-0.004041888089494461,1,1,0.86
-0.9817931977495773,1,2,357,523,69,2,-0.15031854611477377,0,-1.1099857213526023,1,0.7090357340247538,0.0630293434001139,0,0,0.0
-0.09319932989344594,1,17,208,36,5,0,-1.105983752797117,3,-0.22363617158670962,1,-1.08076246217277,0.07428337431576604,0,0,0.0
-0.17535409317057907,1,11,484,470,70,0,0.5242686586021743,2,-1.3816089704744081,1,-0.9442426305894944,0.09059032882582962,0,0,0.0
0.2721803825129867,1,6,570,309,53,0,-0.6000433492594058,1,-0.7954745907905113,1,-0.33368656080959613,0.09759654115868471,0,0,0.0
-0.4641976332829684,1,3,412,273,17,1,1.0864246625329645,0,1.4489912045844102,1,1.144678734206014,0.06624578395499342,0,0,0.0
0.4669810430608511,1,0,286,413,12,2,1.1426402629260435,0,-1.1814655237530776,1,0.9996490083411179,0.053622234127341906,0,0,0.0
-0.21160085695173284,0,22,290,166,11,2,0.4680530582090954,1,0.7056012596194681,1,-0.2547463302755386,0.08317565245115499,0,0,0.0
-0.7035359052821561,1,30,514,256,75,1,0.8615622609606484,1,-0.38089173686775507,1,0.4674613985545112,0.11857196201361242,0,0,0.0
